"","interactive","little","big","tag"
"1","08.57.06.8",2,14,"0"
"2","08.57.07.0",2,14,"0"
"3","08.57.07.1",2,14,"0"
"4","08.57.07.2",2,14,"0"
"5","08.57.07.3",2,14,"0"
"6","08.57.07.4",2,14,"0"
"7","08.57.07.6",2,14,"0"
"8","08.57.07.7",2,14,"0"
"9","08.57.07.9",2,14,"0"
"10","08.57.08.0",2,14,"0"
"11","08.57.08.1",2,14,"0"
"12","08.57.08.2",2,14,"0"
"13","08.57.08.3",2,14,"0"
"14","08.57.08.4",2,14,"0"
"15","08.57.08.5",20,14,"0"
"16","08.57.08.6",20,14,"0"
"17","08.57.08.7",2,14,"0"
"18","08.57.08.8",2,14,"0"
"19","08.57.09.0",2,14,"0"
"20","08.57.09.1",2,14,"0"
"21","08.57.09.2",2,14,"0"
"22","08.57.09.3",2,14,"0"
"23","08.57.09.4",2,14,"0"
"24","08.57.09.6",2,14,"0"
"25","08.57.09.7",2,14,"0"
"26","08.57.09.8",2,14,"0"
"27","08.57.09.9",2,14,"0"
"28","08.57.10.0",2,14,"0"
"29","08.57.10.2",10,14,"0"
"30","08.57.10.2",20,14,"0"
"31","08.57.10.3",5,14,"0"
"32","08.57.10.4",20,14,"0"
"33","08.57.10.5",20,14,"0"
"34","08.57.10.6",2,14,"0"
"35","08.57.10.7",20,14,"0"
"36","08.57.10.8",20,14,"0"
"37","08.57.10.9",20,14,"0"
"38","08.57.11.0",20,14,"0"
"39","08.57.11.1",20,14,"1"
"40","08.57.11.2",20,14,"1"
"41","08.57.11.3",20,14,"1"
"42","08.57.11.4",20,14,"1"
"43","08.57.11.5",20,14,"1"
"44","08.57.11.6",20,14,"1"
"45","08.57.11.7",20,14,"1"
"46","08.57.11.8",20,14,"1"
"47","08.57.11.9",20,14,"1"
"48","08.57.12.0",20,14,"0"
"49","08.57.12.1",20,14,"0"
"50","08.57.12.1",20,14,"0"
"51","08.57.12.2",20,14,"0"
"52","08.57.12.3",20,14,"0"
"53","08.57.12.4",20,14,"0"
"54","08.57.12.5",20,14,"0"
"55","08.57.12.6",20,14,"0"
"56","08.57.12.7",20,14,"0"
"57","08.57.12.7",20,14,"0"
"58","08.57.12.8",20,14,"0"
"59","08.57.12.9",20,14,"0"
"60","08.57.13.0",20,14,"0"
"61","08.57.13.1",20,14,"0"
"62","08.57.13.1",20,14,"0"
"63","08.57.13.2",20,14,"0"
"64","08.57.13.3",20,14,"0"
"65","08.57.13.4",20,14,"0"
"66","08.57.13.5",20,14,"0"
"67","08.57.13.5",20,14,"0"
"68","08.57.13.6",20,14,"0"
"69","08.57.13.7",20,14,"0"
"70","08.57.13.8",20,14,"0"
"71","08.57.13.9",20,14,"0"
"72","08.57.13.9",20,14,"0"
"73","08.57.14.0",20,14,"0"
"74","08.57.14.1",20,14,"0"
"75","08.57.14.2",20,14,"0"
"76","08.57.14.3",20,14,"0"
"77","08.57.14.3",20,14,"0"
"78","08.57.14.4",20,14,"0"
"79","08.57.14.5",20,14,"0"
"80","08.57.14.6",20,14,"0"
"81","08.57.14.7",20,14,"0"
"82","08.57.14.8",20,14,"0"
"83","08.57.14.8",20,14,"0"
"84","08.57.14.9",20,14,"0"
"85","08.57.15.0",20,14,"0"
"86","08.57.15.1",20,14,"0"
"87","08.57.15.2",20,14,"0"
"88","08.57.15.2",20,14,"0"
"89","08.57.15.3",20,14,"0"
"90","08.57.15.4",20,14,"0"
"91","08.57.15.5",20,14,"0"
"92","08.57.15.6",20,14,"0"
"93","08.57.15.6",20,14,"0"
"94","08.57.15.7",20,14,"0"
"95","08.57.15.8",20,14,"0"
"96","08.57.15.9",20,14,"0"
"97","08.57.16.0",20,14,"0"
"98","08.57.16.0",20,14,"0"
"99","08.57.16.1",20,14,"0"
"100","08.57.16.2",20,14,"0"
"101","08.57.16.3",20,14,"0"
"102","08.57.16.4",20,14,"0"
"103","08.57.16.4",20,14,"0"
"104","08.57.16.5",20,14,"0"
"105","08.57.16.6",20,14,"0"
"106","08.57.16.7",20,14,"0"
"107","08.57.16.8",20,14,"0"
"108","08.57.16.8",20,14,"0"
"109","08.57.16.9",20,14,"0"
"110","08.57.17.0",20,14,"0"
"111","08.57.17.1",20,14,"0"
"112","08.57.17.2",20,14,"0"
"113","08.57.17.2",20,14,"0"
"114","08.57.17.3",20,14,"0"
"115","08.57.17.4",20,14,"0"
"116","08.57.17.5",20,14,"0"
"117","08.57.17.6",20,14,"0"
"118","08.57.17.6",20,14,"0"
"119","08.57.17.7",20,14,"0"
"120","08.57.17.8",20,14,"0"
"121","08.57.17.9",20,14,"0"
"122","08.57.18.0",20,14,"0"
"123","08.57.18.0",20,14,"0"
"124","08.57.18.1",20,14,"0"
"125","08.57.18.2",20,14,"0"
"126","08.57.18.3",20,14,"0"
"127","08.57.18.4",20,14,"0"
"128","08.57.18.4",20,14,"0"
"129","08.57.18.5",20,14,"0"
"130","08.57.18.6",20,14,"0"
"131","08.57.18.7",20,14,"0"
"132","08.57.18.8",20,14,"0"
"133","08.57.18.8",20,14,"0"
"134","08.57.18.9",20,14,"0"
"135","08.57.19.0",20,14,"0"
"136","08.57.19.1",20,14,"0"
"137","08.57.19.2",20,14,"0"
"138","08.57.19.3",20,14,"0"
"139","08.57.19.3",20,14,"0"
"140","08.57.19.4",20,14,"0"
"141","08.57.19.5",20,14,"0"
"142","08.57.19.6",20,14,"0"
"143","08.57.19.7",20,14,"0"
"144","08.57.19.7",20,14,"0"
"145","08.57.19.8",20,14,"0"
"146","08.57.19.9",20,14,"0"
"147","08.57.20.0",20,14,"0"
"148","08.57.20.1",20,14,"0"
"149","08.57.20.1",20,14,"0"
"150","08.57.20.2",20,14,"0"
"151","08.57.20.3",20,14,"0"
"152","08.57.20.4",20,14,"0"
"153","08.57.20.5",20,14,"0"
"154","08.57.20.5",20,14,"0"
"155","08.57.20.6",20,14,"0"
"156","08.57.20.7",20,14,"0"
"157","08.57.20.8",20,14,"0"
"158","08.57.20.9",20,14,"0"
"159","08.57.20.9",20,14,"0"
"160","08.57.21.0",20,14,"0"
"161","08.57.21.1",20,14,"0"
"162","08.57.21.2",20,14,"0"
"163","08.57.21.3",20,14,"0"
"164","08.57.21.4",20,14,"1"
"165","08.57.21.5",20,14,"1"
"166","08.57.21.6",20,14,"1"
"167","08.57.21.7",20,14,"1"
"168","08.57.21.8",20,14,"1"
"169","08.57.21.9",20,14,"1"
"170","08.57.22.0",20,14,"1"
"171","08.57.22.1",20,14,"1"
"172","08.57.22.2",20,14,"1"
"173","08.57.22.2",20,14,"1"
"174","08.57.22.3",20,14,"1"
"175","08.57.22.4",20,14,"1"
"176","08.57.22.5",20,14,"1"
"177","08.57.22.6",20,14,"1"
"178","08.57.22.7",20,14,"1"
"179","08.57.22.8",20,14,"1"
"180","08.57.22.9",20,14,"1"
"181","08.57.23.0",20,14,"1"
"182","08.57.23.1",20,14,"1"
"183","08.57.23.1",20,14,"1"
"184","08.57.23.2",20,14,"1"
"185","08.57.23.3",20,14,"1"
"186","08.57.23.4",20,14,"1"
"187","08.57.23.5",20,14,"1"
"188","08.57.23.6",20,14,"1"
"189","08.57.23.7",20,14,"1"
"190","08.57.23.8",20,14,"1"
"191","08.57.23.9",20,14,"1"
"192","08.57.24.0",20,14,"1"
"193","08.57.24.1",20,14,"1"
"194","08.57.24.2",20,14,"1"
"195","08.57.24.3",20,14,"1"
"196","08.57.24.4",20,14,"1"
"197","08.57.24.4",20,14,"1"
"198","08.57.24.5",20,14,"1"
"199","08.57.24.6",20,14,"1"
"200","08.57.24.7",20,14,"1"
"201","08.57.24.8",20,14,"1"
"202","08.57.24.9",20,14,"0"
"203","08.57.25.0",20,14,"0"
"204","08.57.25.1",20,14,"0"
"205","08.57.25.2",20,14,"0"
"206","08.57.25.3",20,14,"0"
"207","08.57.25.3",20,14,"0"
"208","08.57.25.4",20,14,"0"
"209","08.57.25.5",20,14,"0"
"210","08.57.25.6",20,14,"0"
"211","08.57.25.7",20,14,"0"
"212","08.57.25.7",20,14,"0"
"213","08.57.25.8",20,14,"0"
"214","08.57.25.9",20,14,"0"
"215","08.57.26.0",20,14,"0"
"216","08.57.26.1",20,14,"0"
"217","08.57.26.1",20,14,"0"
"218","08.57.26.2",20,14,"0"
"219","08.57.26.3",20,14,"0"
"220","08.57.26.4",20,14,"0"
"221","08.57.26.5",20,14,"0"
"222","08.57.26.6",20,14,"0"
"223","08.57.26.6",20,14,"0"
"224","08.57.26.7",20,14,"0"
"225","08.57.26.8",20,14,"0"
"226","08.57.26.9",20,14,"0"
"227","08.57.27.0",20,14,"0"
"228","08.57.27.0",20,14,"0"
"229","08.57.27.1",20,14,"0"
"230","08.57.27.2",20,14,"0"
"231","08.57.27.3",20,14,"0"
"232","08.57.27.4",20,14,"0"
"233","08.57.27.4",20,14,"0"
"234","08.57.27.5",20,14,"0"
"235","08.57.27.6",20,14,"0"
"236","08.57.27.7",20,14,"0"
"237","08.57.27.8",20,14,"0"
"238","08.57.27.8",20,14,"0"
"239","08.57.27.9",20,14,"0"
"240","08.57.28.0",20,14,"0"
"241","08.57.28.1",20,14,"0"
"242","08.57.28.2",20,14,"0"
"243","08.57.28.2",20,14,"0"
"244","08.57.28.3",20,14,"0"
"245","08.57.28.4",20,14,"0"
"246","08.57.28.5",20,14,"0"
"247","08.57.28.6",20,14,"0"
"248","08.57.28.6",20,14,"0"
"249","08.57.28.7",20,14,"0"
"250","08.57.28.8",20,14,"0"
"251","08.57.28.9",20,14,"0"
"252","08.57.29.0",20,14,"0"
"253","08.57.29.0",20,14,"0"
"254","08.57.29.1",20,14,"0"
"255","08.57.29.2",20,14,"0"
"256","08.57.29.3",20,14,"0"
"257","08.57.29.4",20,14,"0"
"258","08.57.29.5",20,14,"0"
"259","08.57.29.5",20,14,"0"
"260","08.57.29.6",20,14,"0"
"261","08.57.29.7",20,14,"0"
"262","08.57.29.8",20,14,"0"
"263","08.57.29.9",20,14,"0"
"264","08.57.29.9",20,14,"0"
"265","08.57.30.0",20,14,"0"
"266","08.57.30.1",20,14,"0"
"267","08.57.30.2",20,14,"0"
"268","08.57.30.3",20,14,"0"
"269","08.57.30.3",20,14,"0"
"270","08.57.30.4",20,14,"0"
"271","08.57.30.5",20,14,"0"
"272","08.57.30.6",20,14,"0"
"273","08.57.30.7",20,14,"0"
"274","08.57.30.7",20,14,"0"
"275","08.57.30.8",20,14,"0"
"276","08.57.30.9",20,14,"0"
"277","08.57.31.0",20,14,"0"
"278","08.57.31.1",20,14,"0"
"279","08.57.31.1",20,14,"0"
"280","08.57.31.2",20,14,"0"
"281","08.57.31.3",20,14,"0"
"282","08.57.31.4",20,14,"0"
"283","08.57.31.5",20,14,"0"
"284","08.57.31.6",20,14,"0"
"285","08.57.31.6",20,14,"0"
"286","08.57.31.7",20,14,"0"
"287","08.57.31.8",20,14,"0"
"288","08.57.31.9",20,14,"0"
"289","08.57.32.0",20,14,"0"
"290","08.57.32.0",20,14,"0"
"291","08.57.32.1",20,14,"0"
"292","08.57.32.2",20,14,"0"
"293","08.57.32.3",20,14,"0"
"294","08.57.32.4",20,14,"0"
"295","08.57.32.4",20,14,"0"
"296","08.57.32.5",20,14,"0"
"297","08.57.32.6",20,14,"0"
"298","08.57.32.7",20,14,"0"
"299","08.57.32.8",20,14,"0"
"300","08.57.32.8",20,14,"0"
"301","08.57.32.9",20,14,"0"
"302","08.57.33.0",20,14,"0"
"303","08.57.33.1",20,14,"0"
"304","08.57.33.2",20,14,"0"
"305","08.57.33.2",20,14,"0"
"306","08.57.33.3",20,14,"0"
"307","08.57.33.4",20,14,"0"
"308","08.57.33.5",20,14,"0"
"309","08.57.33.6",20,14,"0"
"310","08.57.33.7",20,14,"0"
"311","08.57.33.7",20,14,"0"
"312","08.57.33.8",20,14,"0"
"313","08.57.33.9",20,14,"0"
"314","08.57.34.0",20,14,"0"
"315","08.57.34.1",20,14,"0"
"316","08.57.34.1",20,14,"0"
"317","08.57.34.2",20,14,"0"
"318","08.57.34.3",20,14,"0"
"319","08.57.34.4",20,14,"0"
"320","08.57.34.5",20,14,"0"
"321","08.57.34.5",20,14,"0"
"322","08.57.34.6",20,14,"0"
"323","08.57.34.7",20,14,"0"
"324","08.57.34.8",20,14,"0"
"325","08.57.34.9",20,14,"0"
"326","08.57.34.9",20,14,"0"
"327","08.57.35.0",20,14,"0"
"328","08.57.35.1",20,14,"0"
"329","08.57.35.2",20,14,"0"
"330","08.57.35.3",20,14,"0"
"331","08.57.35.3",20,14,"0"
"332","08.57.35.4",20,14,"0"
"333","08.57.35.5",20,14,"0"
"334","08.57.35.6",20,14,"0"
"335","08.57.35.7",20,14,"0"
"336","08.57.35.8",20,14,"0"
"337","08.57.35.8",20,14,"0"
"338","08.57.35.9",20,14,"0"
"339","08.57.36.0",20,14,"0"
"340","08.57.36.1",20,14,"0"
"341","08.57.36.2",20,14,"0"
"342","08.57.36.2",20,14,"0"
"343","08.57.36.3",20,14,"0"
"344","08.57.36.4",20,14,"0"
"345","08.57.36.5",20,14,"0"
"346","08.57.36.6",20,14,"0"
"347","08.57.36.6",20,14,"0"
"348","08.57.36.7",20,14,"0"
"349","08.57.36.8",20,14,"0"
"350","08.57.36.9",20,14,"0"
"351","08.57.37.0",20,14,"0"
"352","08.57.37.0",20,14,"0"
"353","08.57.37.1",20,14,"0"
"354","08.57.37.2",20,14,"0"
"355","08.57.37.3",20,14,"0"
"356","08.57.37.4",20,14,"0"
"357","08.57.37.4",20,14,"0"
"358","08.57.37.5",20,14,"0"
"359","08.57.37.6",20,14,"0"
"360","08.57.37.7",20,14,"0"
"361","08.57.37.8",20,14,"0"
"362","08.57.37.9",20,14,"0"
"363","08.57.37.9",20,14,"0"
"364","08.57.38.0",20,14,"0"
"365","08.57.38.1",20,14,"0"
"366","08.57.38.2",20,14,"0"
"367","08.57.38.3",20,14,"0"
"368","08.57.38.3",20,14,"0"
"369","08.57.38.4",20,14,"0"
"370","08.57.38.5",20,14,"0"
"371","08.57.38.6",20,14,"0"
"372","08.57.38.7",20,14,"0"
"373","08.57.38.7",20,14,"0"
"374","08.57.38.8",20,14,"0"
"375","08.57.38.9",20,14,"0"
"376","08.57.39.0",20,14,"0"
"377","08.57.39.1",20,14,"0"
"378","08.57.39.1",20,14,"0"
"379","08.57.39.2",20,14,"0"
"380","08.57.39.3",20,14,"0"
"381","08.57.39.4",20,14,"0"
"382","08.57.39.5",20,14,"0"
"383","08.57.39.5",20,14,"0"
"384","08.57.39.6",20,14,"0"
"385","08.57.39.7",20,14,"0"
"386","08.57.39.8",20,14,"0"
"387","08.57.39.9",20,14,"0"
"388","08.57.40.0",20,14,"0"
"389","08.57.40.0",20,14,"0"
"390","08.57.40.1",20,14,"0"
"391","08.57.40.2",20,14,"0"
"392","08.57.40.3",20,14,"0"
"393","08.57.40.4",20,14,"0"
"394","08.57.40.4",20,14,"0"
"395","08.57.40.5",20,14,"0"
"396","08.57.40.6",20,14,"0"
"397","08.57.40.7",20,14,"0"
"398","08.57.40.8",20,14,"0"
"399","08.57.40.8",20,14,"0"
"400","08.57.40.9",20,14,"0"
"401","08.57.41.0",20,14,"0"
"402","08.57.41.1",20,14,"0"
"403","08.57.41.2",20,14,"0"
"404","08.57.41.2",20,14,"0"
"405","08.57.41.4",20,14,"0"
"406","08.57.41.5",20,14,"0"
"407","08.57.41.6",20,14,"1"
"408","08.57.41.7",20,14,"1"
"409","08.57.41.8",20,14,"1"
"410","08.57.41.9",20,14,"1"
"411","08.57.42.0",20,14,"1"
"412","08.57.42.1",20,14,"1"
"413","08.57.42.2",20,14,"1"
"414","08.57.42.3",20,14,"1"
"415","08.57.42.4",20,14,"1"
"416","08.57.42.5",20,14,"1"
"417","08.57.42.5",20,14,"1"
"418","08.57.42.6",20,14,"1"
"419","08.57.42.7",20,14,"1"
"420","08.57.42.8",20,14,"1"
"421","08.57.42.9",20,14,"1"
"422","08.57.43.0",20,14,"1"
"423","08.57.43.1",20,14,"1"
"424","08.57.43.2",20,14,"1"
"425","08.57.43.3",20,14,"1"
"426","08.57.43.4",20,14,"1"
"427","08.57.43.5",20,14,"1"
"428","08.57.43.6",20,14,"1"
"429","08.57.43.7",20,14,"1"
"430","08.57.43.8",20,14,"1"
"431","08.57.43.9",20,14,"1"
"432","08.57.44.0",20,14,"1"
"433","08.57.44.1",20,14,"1"
"434","08.57.44.2",20,14,"1"
"435","08.57.44.3",20,14,"1"
"436","08.57.44.4",20,14,"1"
"437","08.57.44.5",20,14,"1"
"438","08.57.44.6",20,14,"1"
"439","08.57.44.7",20,14,"1"
"440","08.57.44.8",20,14,"1"
"441","08.57.44.8",20,14,"1"
"442","08.57.44.9",20,14,"1"
"443","08.57.45.0",20,14,"1"
"444","08.57.45.1",20,14,"1"
"445","08.57.45.2",20,14,"1"
"446","08.57.45.3",20,14,"1"
"447","08.57.45.4",20,14,"1"
"448","08.57.45.5",20,14,"1"
"449","08.57.45.6",20,14,"1"
"450","08.57.45.7",20,14,"1"
"451","08.57.45.8",20,14,"1"
"452","08.57.45.9",20,14,"1"
"453","08.57.46.0",20,14,"1"
"454","08.57.46.1",20,14,"1"
"455","08.57.46.1",20,14,"1"
"456","08.57.46.2",20,14,"1"
"457","08.57.46.3",20,14,"1"
"458","08.57.46.4",20,14,"1"
"459","08.57.46.5",20,14,"1"
"460","08.57.46.6",20,14,"1"
"461","08.57.46.7",20,14,"1"
"462","08.57.46.8",20,14,"1"
"463","08.57.46.9",20,14,"1"
"464","08.57.47.0",20,14,"1"
"465","08.57.47.0",20,14,"1"
"466","08.57.47.1",20,14,"1"
"467","08.57.47.2",20,14,"1"
"468","08.57.47.3",20,14,"1"
"469","08.57.47.4",20,14,"1"
"470","08.57.47.5",20,14,"1"
"471","08.57.47.6",20,14,"1"
"472","08.57.47.7",20,14,"1"
"473","08.57.47.8",20,14,"1"
"474","08.57.47.9",20,14,"1"
"475","08.57.48.0",20,14,"1"
"476","08.57.48.0",20,14,"1"
"477","08.57.48.1",20,14,"1"
"478","08.57.48.2",20,14,"1"
"479","08.57.48.3",20,14,"1"
"480","08.57.48.4",20,14,"1"
"481","08.57.48.5",20,14,"1"
"482","08.57.48.6",20,14,"1"
"483","08.57.48.7",20,14,"1"
"484","08.57.48.8",20,14,"1"
"485","08.57.48.9",20,14,"1"
"486","08.57.49.0",20,14,"1"
"487","08.57.49.0",20,14,"1"
"488","08.57.49.1",20,14,"1"
"489","08.57.49.2",20,14,"1"
"490","08.57.49.3",20,14,"1"
"491","08.57.49.4",20,14,"1"
"492","08.57.49.5",20,14,"1"
"493","08.57.49.6",20,14,"1"
"494","08.57.49.7",20,14,"1"
"495","08.57.49.7",20,14,"1"
"496","08.57.49.8",20,14,"1"
"497","08.57.49.9",20,12,"1"
"498","08.57.50.0",20,14,"1"
"499","08.57.50.1",20,14,"1"
"500","08.57.50.2",20,14,"1"
"501","08.57.50.3",20,14,"1"
"502","08.57.50.4",20,14,"0"
"503","08.57.50.4",20,14,"0"
"504","08.57.50.5",20,14,"0"
"505","08.57.50.6",20,14,"0"
"506","08.57.50.7",20,14,"0"
"507","08.57.50.8",20,14,"0"
"508","08.57.50.9",20,14,"0"
"509","08.57.50.9",20,14,"0"
"510","08.57.51.0",20,14,"0"
"511","08.57.51.1",20,14,"0"
"512","08.57.51.2",20,14,"0"
"513","08.57.51.3",20,14,"0"
"514","08.57.51.3",20,14,"0"
"515","08.57.51.4",20,14,"0"
"516","08.57.51.5",20,14,"0"
"517","08.57.51.6",20,14,"0"
"518","08.57.51.7",20,14,"0"
"519","08.57.51.7",20,14,"0"
"520","08.57.51.8",20,14,"0"
"521","08.57.51.9",20,14,"0"
"522","08.57.52.0",20,14,"0"
"523","08.57.52.1",20,14,"0"
"524","08.57.52.1",20,14,"0"
"525","08.57.52.2",20,14,"0"
"526","08.57.52.3",20,14,"0"
"527","08.57.52.4",20,14,"0"
"528","08.57.52.5",20,14,"0"
"529","08.57.52.6",20,14,"0"
"530","08.57.52.6",20,14,"0"
"531","08.57.52.7",20,14,"0"
"532","08.57.52.8",20,14,"0"
"533","08.57.52.9",20,14,"0"
"534","08.57.53.0",20,14,"0"
"535","08.57.53.0",20,14,"0"
"536","08.57.53.1",20,14,"0"
"537","08.57.53.2",20,14,"0"
"538","08.57.53.3",20,14,"0"
"539","08.57.53.4",20,14,"0"
"540","08.57.53.4",20,14,"0"
"541","08.57.53.5",20,14,"0"
"542","08.57.53.6",20,14,"0"
"543","08.57.53.7",20,14,"0"
"544","08.57.53.8",20,14,"0"
"545","08.57.53.8",20,14,"0"
"546","08.57.53.9",20,14,"0"
"547","08.57.54.0",20,14,"0"
"548","08.57.54.1",20,14,"0"
"549","08.57.54.2",20,14,"0"
"550","08.57.54.3",20,14,"0"
"551","08.57.54.3",20,14,"0"
"552","08.57.54.4",20,14,"0"
"553","08.57.54.5",20,14,"0"
"554","08.57.54.6",20,14,"0"
"555","08.57.54.7",20,14,"0"
"556","08.57.54.7",20,14,"0"
"557","08.57.54.8",20,14,"0"
"558","08.57.54.9",20,14,"0"
"559","08.57.55.0",20,14,"0"
"560","08.57.55.1",20,14,"0"
"561","08.57.55.1",20,14,"0"
"562","08.57.55.2",20,14,"0"
"563","08.57.55.3",20,14,"0"
"564","08.57.55.4",20,14,"0"
"565","08.57.55.5",20,14,"0"
"566","08.57.55.5",20,14,"0"
"567","08.57.55.6",20,14,"0"
"568","08.57.55.7",20,14,"0"
"569","08.57.55.8",20,14,"0"
"570","08.57.55.9",20,14,"0"
"571","08.57.55.9",20,14,"0"
"572","08.57.56.0",20,14,"0"
"573","08.57.56.1",20,14,"0"
"574","08.57.56.2",20,14,"0"
"575","08.57.56.3",20,14,"0"
"576","08.57.56.3",20,14,"0"
"577","08.57.56.4",20,14,"0"
"578","08.57.56.5",20,14,"0"
"579","08.57.56.6",20,14,"0"
"580","08.57.56.7",20,14,"0"
"581","08.57.56.8",20,14,"0"
"582","08.57.56.8",20,14,"0"
"583","08.57.56.9",20,14,"0"
"584","08.57.57.0",20,14,"0"
"585","08.57.57.1",20,14,"0"
"586","08.57.57.2",20,14,"0"
"587","08.57.57.2",20,14,"0"
"588","08.57.57.3",20,14,"0"
"589","08.57.57.4",20,14,"0"
"590","08.57.57.5",20,14,"0"
"591","08.57.57.6",20,14,"0"
"592","08.57.57.6",20,14,"0"
"593","08.57.57.7",20,14,"0"
"594","08.57.57.8",20,14,"0"
"595","08.57.57.9",20,14,"0"
"596","08.57.58.0",20,14,"0"
"597","08.57.58.0",20,14,"0"
"598","08.57.58.1",20,14,"0"
"599","08.57.58.2",20,14,"0"
"600","08.57.58.3",20,14,"0"
"601","08.57.58.4",20,14,"0"
"602","08.57.58.4",20,14,"0"
"603","08.57.58.5",20,14,"0"
"604","08.57.58.6",20,14,"0"
"605","08.57.58.7",20,14,"0"
"606","08.57.58.8",20,14,"0"
"607","08.57.58.8",20,14,"0"
"608","08.57.58.9",20,14,"0"
"609","08.57.59.0",20,14,"0"
"610","08.57.59.1",20,14,"0"
"611","08.57.59.2",20,14,"0"
"612","08.57.59.3",20,14,"0"
"613","08.57.59.3",20,14,"0"
"614","08.57.59.4",20,14,"0"
"615","08.57.59.5",20,14,"0"
"616","08.57.59.6",20,14,"0"
"617","08.57.59.7",20,14,"0"
"618","08.57.59.7",20,14,"0"
"619","08.57.59.8",20,14,"0"
"620","08.57.59.9",20,14,"0"
"621","08.58.00.0",20,14,"0"
"622","08.58.00.1",20,14,"0"
"623","08.58.00.1",20,14,"0"
"624","08.58.00.2",20,14,"0"
"625","08.58.00.3",20,14,"0"
"626","08.58.00.4",20,14,"0"
"627","08.58.00.5",20,14,"0"
"628","08.58.00.6",20,14,"0"
"629","08.58.00.6",20,14,"0"
"630","08.58.00.7",20,14,"0"
"631","08.58.00.8",20,14,"0"
"632","08.58.00.9",20,14,"0"
"633","08.58.01.0",20,14,"0"
"634","08.58.01.0",20,14,"0"
"635","08.58.01.1",20,14,"0"
"636","08.58.01.2",20,14,"0"
"637","08.58.01.3",20,14,"0"
"638","08.58.01.4",20,14,"0"
"639","08.58.01.4",20,14,"0"
"640","08.58.01.5",20,14,"0"
"641","08.58.01.6",20,14,"0"
"642","08.58.01.7",20,14,"0"
"643","08.58.01.8",20,14,"0"
"644","08.58.01.8",20,14,"0"
"645","08.58.01.9",20,14,"0"
"646","08.58.02.0",20,14,"0"
"647","08.58.02.1",20,14,"0"
"648","08.58.02.2",20,14,"0"
"649","08.58.02.2",20,14,"0"
"650","08.58.02.3",20,14,"0"
"651","08.58.02.4",20,14,"0"
"652","08.58.02.5",20,14,"0"
"653","08.58.02.6",20,14,"0"
"654","08.58.02.7",20,14,"0"
"655","08.58.02.7",20,14,"0"
"656","08.58.02.8",20,14,"0"
"657","08.58.02.9",20,14,"0"
"658","08.58.03.0",20,14,"0"
"659","08.58.03.1",20,14,"0"
"660","08.58.03.1",20,14,"0"
"661","08.58.03.2",20,14,"0"
"662","08.58.03.3",20,14,"0"
"663","08.58.03.4",20,14,"0"
"664","08.58.03.5",20,14,"0"
"665","08.58.03.5",20,14,"0"
"666","08.58.03.6",20,14,"0"
"667","08.58.03.7",20,14,"0"
"668","08.58.03.8",20,14,"0"
"669","08.58.03.9",20,14,"0"
"670","08.58.03.9",20,14,"0"
"671","08.58.04.0",20,14,"0"
"672","08.58.04.1",20,14,"0"
"673","08.58.04.2",20,14,"0"
"674","08.58.04.3",20,14,"0"
"675","08.58.04.3",20,14,"0"
"676","08.58.04.4",20,14,"0"
"677","08.58.04.5",20,14,"0"
"678","08.58.04.6",20,14,"0"
"679","08.58.04.7",20,14,"0"
"680","08.58.04.8",20,14,"0"
"681","08.58.04.8",20,14,"0"
"682","08.58.04.9",20,14,"0"
"683","08.58.05.0",20,14,"0"
"684","08.58.05.1",20,14,"0"
"685","08.58.05.2",20,14,"0"
"686","08.58.05.2",20,14,"0"
"687","08.58.05.3",20,14,"0"
"688","08.58.05.4",20,14,"0"
"689","08.58.05.5",20,14,"0"
"690","08.58.05.6",20,14,"0"
"691","08.58.05.6",20,14,"0"
"692","08.58.05.7",20,14,"0"
"693","08.58.05.8",20,14,"0"
"694","08.58.05.9",20,14,"0"
"695","08.58.06.0",20,14,"0"
"696","08.58.06.0",20,14,"0"
"697","08.58.06.1",20,14,"0"
"698","08.58.06.2",20,14,"0"
"699","08.58.06.3",20,14,"0"
"700","08.58.06.4",20,14,"0"
"701","08.58.06.5",20,14,"0"
"702","08.58.06.5",20,14,"0"
"703","08.58.06.6",20,14,"0"
"704","08.58.06.7",20,14,"0"
"705","08.58.06.8",20,14,"0"
"706","08.58.06.9",20,14,"0"
"707","08.58.06.9",20,14,"0"
"708","08.58.07.0",20,14,"0"
"709","08.58.07.1",20,14,"0"
"710","08.58.07.2",20,14,"0"
"711","08.58.07.3",20,14,"0"
"712","08.58.07.3",20,14,"0"
"713","08.58.07.4",20,14,"0"
"714","08.58.07.5",20,14,"0"
"715","08.58.07.6",20,14,"0"
"716","08.58.07.7",20,14,"0"
"717","08.58.07.7",20,14,"0"
"718","08.58.07.8",20,14,"0"
"719","08.58.07.9",20,14,"0"
"720","08.58.08.0",20,14,"0"
"721","08.58.08.1",20,14,"0"
"722","08.58.08.2",20,14,"0"
"723","08.58.08.2",20,14,"0"
"724","08.58.08.3",20,14,"0"
"725","08.58.08.4",20,14,"0"
"726","08.58.08.5",20,14,"0"
"727","08.58.08.6",20,14,"0"
"728","08.58.08.6",20,14,"0"
"729","08.58.08.7",20,14,"0"
"730","08.58.08.8",20,14,"0"
"731","08.58.08.9",20,14,"0"
"732","08.58.09.0",20,14,"0"
"733","08.58.09.0",20,14,"0"
"734","08.58.09.1",20,14,"0"
"735","08.58.09.2",20,14,"0"
"736","08.58.09.3",20,14,"0"
"737","08.58.09.4",20,14,"0"
"738","08.58.09.4",20,14,"0"
"739","08.58.09.5",20,14,"0"
"740","08.58.09.6",20,14,"0"
"741","08.58.09.7",20,14,"0"
"742","08.58.09.8",20,14,"0"
"743","08.58.09.8",20,14,"0"
"744","08.58.09.9",20,14,"0"
"745","08.58.10.0",20,14,"0"
"746","08.58.10.1",20,14,"0"
"747","08.58.10.2",20,14,"0"
"748","08.58.10.3",20,14,"0"
"749","08.58.10.3",20,14,"0"
"750","08.58.10.4",20,14,"0"
"751","08.58.10.5",20,14,"0"
"752","08.58.10.6",20,14,"0"
"753","08.58.10.7",20,14,"0"
"754","08.58.10.8",20,14,"0"
"755","08.58.10.8",20,14,"0"
"756","08.58.10.9",20,14,"0"
"757","08.58.11.0",20,14,"0"
"758","08.58.11.1",20,14,"0"
"759","08.58.11.2",20,14,"0"
"760","08.58.11.2",20,14,"0"
"761","08.58.11.3",20,14,"0"
"762","08.58.11.4",20,14,"0"
"763","08.58.11.5",20,14,"0"
"764","08.58.11.6",20,14,"0"
"765","08.58.11.7",20,14,"0"
"766","08.58.11.8",20,14,"0"
"767","08.58.11.9",20,14,"0"
"768","08.58.12.0",20,14,"0"
"769","08.58.12.1",2,14,"0"
"770","08.58.12.2",2,14,"0"
"771","08.58.12.3",2,14,"0"
"772","08.58.12.4",2,14,"0"
"773","08.58.12.5",2,14,"0"
"774","08.58.12.7",2,14,"0"
"775","08.58.12.8",2,14,"0"
"776","08.58.12.9",2,14,"0"
"777","08.58.13.0",2,14,"0"
"778","08.58.13.1",2,14,"0"
"779","08.58.13.3",2,14,"0"
"780","08.58.13.4",2,14,"0"
"781","08.58.13.5",2,14,"0"
"782","08.58.13.6",2,14,"0"
"783","08.58.13.8",2,14,"0"
"784","08.58.13.9",2,14,"0"
"785","08.58.14.0",2,14,"0"
"786","08.58.14.1",2,14,"0"
"787","08.58.14.2",2,14,"0"
"788","08.58.14.3",2,14,"0"
"789","08.58.14.4",2,14,"0"
"790","08.58.14.6",2,14,"0"
"791","08.58.14.7",2,14,"0"
"792","08.58.14.8",2,14,"0"
"793","08.58.14.9",2,14,"0"
"794","08.58.15.1",2,14,"0"
"795","08.58.15.2",2,14,"0"
"796","08.58.15.3",2,14,"0"
"797","08.58.15.5",2,14,"0"
"798","08.58.15.6",2,14,"0"
"799","08.58.15.7",2,14,"0"
